x,y,type
116,53,3
109,108,1
117,105,1
114,41,3
76,92,2
119,42,3
114,49,3
104,86,1
70,82,2
140,60,3
70,90,2
117,57,3
114,55,3
130,50,3
61,64,2
51,16,0
112,110,1
127,56,3
127,47,3
122,44,3
125,48,3
127,45,3
65,72,2
147,50,3
120,50,3
123,48,3
104,44,3
143,51,3
161,49,5
81,99,2
117,52,3
131,50,3
145,89,0
65,68,2
125,49,3
107,51,3
104,37,3
126,81,0
69,93,2
72,43,0
129,50,3
143,57,3
130,45,3
78,67,2
135,48,3
103,48,3
125,58,3
127,44,3
64,95,2
132,51,3
131,53,3
124,49,3
131,57,3
129,52,3
136,62,3
53,62,2
75,94,2
58,60,2
125,50,3
84,98,2
120,57,3
154,50,3
70,58,2
63,19,0
114,51,3
125,52,3
131,50,3
182,45,5
117,48,3
72,69,2
131,52,3
110,48,3
75,91,2
140,54,3
73,102,2
106,83,1
127,64,3
121,54,3
147,51,3
121,52,3
110,54,3
48,17,0
109,45,3
115,51,3
135,53,3
116,103,1
133,46,3
77,66,2
127,47,3
122,127,1
121,55,3
147,55,3
121,113,1
77,96,2
131,57,3
119,49,3
128,53,3
125,54,3
116,52,3
111,86,1
169,52,5
104,47,3
116,43,3
128,50,3
69,87,2
95,113,1
74,92,2
139,48,3
126,44,3
128,52,3
70,82,2
148,59,3
61,24,0
134,46,3
132,54,3
135,53,3
119,48,3
84,126,2
60,66,2
140,48,3
75,91,2
133,53,3
127,48,3
188,49,5
70,80,2
65,70,2
72,60,2
121,54,3
121,46,3
85,84,2
116,80,0
59,55,2
132,47,3
133,56,3
158,55,3
175,48,5
125,44,3
123,49,3
135,54,3
148,56,3
129,53,3
102,119,1
122,53,3
65,69,2
119,50,3
37,1,0
129,59,3
116,48,3
117,54,3
82,104,2
73,65,2
72,62,2
109,80,1
64,89,2
129,47,3
135,46,3
115,58,3
135,51,3
73,72,2
192,46,5
147,62,3
115,54,3
136,51,3
112,83,1
130,49,3
73,87,2
66,88,2
125,49,3
111,86,1
62,42,0
69,79,2
117,50,3
119,54,3
52,20,0
145,54,3
131,58,3
116,47,3
111,52,3
134,49,3
101,96,1
153,53,3
136,53,3
156,47,3
146,56,3
130,45,3
74,66,2
161,52,5
114,54,3
119,45,3
72,98,2
126,41,3
127,49,3
127,46,3
83,90,2
96,79,1
120,51,3
73,62,2
156,61,3
74,41,0
64,65,2
116,60,3
125,52,3
129,43,3
83,101,2
76,93,2
120,54,3
132,50,3
138,54,3
76,79,2
66,64,2
121,45,3
105,113,1
147,53,3
70,78,2
119,49,3
61,79,2
42,14,0
72,68,2
144,47,3
72,90,2
140,59,3
55,66,2
126,51,3
101,48,3
69,104,2
81,34,0
69,63,2
67,86,2
112,50,3
123,57,3
49,18,0
132,53,3
144,58,3
95,162,6
130,50,3
128,42,3
128,46,3
185,53,5
121,54,3
173,45,5
146,58,3
127,45,3
127,56,3
140,69,3
128,52,3
131,51,3
50,71,2
63,70,2
114,45,3
113,50,3
153,49,3
126,48,3
124,61,3
130,54,3
202,53,5
118,52,3
62,70,2
127,51,3
112,56,3
139,55,3
130,46,3
123,43,3
159,44,5
78,90,2
103,50,3
122,54,3
119,50,3
115,42,3
137,52,3
107,111,1
129,58,3
141,57,3
147,53,3
68,86,2
108,110,1
140,49,3
146,56,3
125,50,3
120,48,3
119,50,3
114,113,1
137,52,3
134,48,3
136,49,3
130,58,3
63,65,2
72,98,2
146,51,3
128,47,3
120,55,3
109,47,3
131,46,3
74,84,2
132,55,3
134,59,3
126,56,3
63,80,2
68,71,2
66,74,2
108,50,3
95,103,1
170,45,5
127,50,3
60,69,2
177,48,5
127,48,3
187,38,5
109,47,3
63,74,2
73,79,2
72,80,2
124,51,3
135,59,3
126,55,3
138,53,3
39,10,0
185,58,5
64,67,2
58,56,2
162,32,5
124,50,3
74,91,2
124,50,3
118,42,3
112,50,3
128,46,3
135,52,3
100,95,1
116,50,3
106,113,1
136,49,3
69,72,2
104,102,1
137,55,3
131,50,3
74,99,2
133,57,3
128,48,3
128,47,3
122,54,3
118,47,3
139,51,3
69,81,2
165,41,5
159,54,3
115,113,1
75,67,2
112,51,3
135,56,3
69,90,2
104,47,3
69,88,2
64,65,2
125,53,3
40,1,0
72,70,2
167,44,5
129,53,3
126,50,3
122,54,3
55,63,2
130,51,3
162,49,5
127,52,3
84,88,2
107,77,1
114,52,3
120,50,3
70,70,2
120,41,3
70,78,2
178,45,5
108,51,3
81,73,2
145,54,3
101,44,3
133,48,3
117,57,3
134,59,3
25,2,0
98,54,3
72,73,2
117,42,3
129,59,3
100,79,1
144,61,3
147,58,3
151,45,3
61,71,2
61,74,2
71,66,2
114,50,3
72,67,2
128,55,3
129,58,3
108,50,3
123,53,3
70,47,0
181,49,5
132,49,3
99,118,1
172,52,5
121,55,3
143,48,3
137,55,3
135,55,3
109,114,1
125,122,1
104,111,1
67,79,2
112,49,3
127,52,3
109,107,1
90,82,2
124,40,3
65,82,2
66,91,2
60,70,2
173,55,5
173,46,5
74,74,2
71,78,2
140,60,3
116,104,1
47,12,0
60,69,2
132,44,3
130,45,3
80,81,2
81,78,2
68,68,2
136,61,3
118,94,1
163,43,5
76,82,2
123,50,3
120,50,3
109,81,1
123,43,3
142,61,3
134,58,3
122,60,3
104,94,1
122,54,3
78,91,2
137,65,3
131,46,3
135,56,3
68,83,2
112,47,3
122,57,3
96,98,1
123,56,3
68,67,2
113,43,3
67,93,2
113,45,3
119,54,3
137,53,3
73,71,2
124,51,3
75,65,2
50,10,0
125,61,3
153,54,3
135,53,3
118,54,3
43,47,2
134,53,3
115,133,1
101,44,3
132,55,3
58,11,0
132,46,3
63,73,2
65,79,2
130,47,3
124,52,3
126,56,3
116,119,1
133,57,3
121,49,3
60,84,2
145,53,3
67,94,2
116,106,1
124,44,3
128,50,3
139,42,3
117,52,3
139,47,3
126,47,3
134,52,3
137,55,3
118,49,3
25,16,0
112,112,1
64,91,2
65,78,2
99,66,3
21,0,0
102,112,1
102,114,1
153,55,3
92,120,2
134,53,3
120,50,3
54,69,2
133,49,3
125,46,3
131,56,3
46,62,2
123,54,3
113,104,1
84,78,2
123,58,3
124,59,3
123,50,3
112,45,3
129,50,3
74,65,2
124,54,3
103,115,1
113,59,3
118,43,3
128,57,3
75,92,2
120,56,3
113,51,3
65,71,2
133,46,3
75,50,0
132,57,3
135,53,3
67,59,2
96,99,1
69,72,2
112,49,3
132,60,3
122,50,3
73,71,2
131,51,3
149,52,3
177,50,5
125,51,3
87,92,2
65,64,2
136,53,3
108,70,3
107,51,3
128,50,3
123,43,3
122,54,3
107,124,1
76,86,2
74,78,2
126,46,3
64,67,2
128,55,3
115,47,3
72,79,2
75,77,2
143,49,3
65,75,2
130,52,3
129,55,3
122,51,3
68,82,2
118,46,3
109,52,3
62,70,2
121,51,3
109,93,1
119,56,3
132,42,3
147,50,3
109,180,9
77,88,2
122,50,3
112,44,3
122,60,3
255,134,0
227,10,0
139,51,3
106,105,1
87,49,3
119,55,3
70,83,2
60,59,2
115,51,3
136,56,3
106,83,1
128,54,3
98,106,1
120,53,3
69,94,2
140,52,3
116,53,3
67,71,2
123,45,3
74,84,2
112,39,3
151,57,3
121,44,3
77,68,2
73,80,2
60,88,2
120,46,3
141,53,3
126,44,3
84,41,0
107,124,1
75,92,2
138,48,3
108,49,3
86,103,2
109,47,3
128,54,3
180,50,5
60,76,2
80,90,2
101,44,3
78,92,2
125,58,3
121,55,3
123,39,3
124,44,3
109,45,3
72,70,2
120,102,1
61,0,0
115,88,1
67,69,2
175,52,5
133,52,3
121,51,3
68,73,2
109,52,3
115,124,1
104,111,1
116,49,3
126,59,3
126,52,3
106,83,1
84,107,2
124,58,3
139,58,3
67,71,2
128,42,3
122,54,3
141,101,0
66,72,2
114,52,3
124,57,3
140,46,3
112,48,3
103,113,1
111,46,3
107,47,3
57,67,2
105,52,3
141,64,3
112,90,1
142,54,3
116,47,3
114,49,3
71,80,2
123,60,3
107,60,3
130,57,3
105,57,3
62,78,2
121,57,3
70,74,2
92,93,2
68,69,2
78,93,2
122,62,3
130,55,3
110,50,3
105,44,3
122,48,3
120,50,3
115,104,1
102,114,1
64,61,2
131,56,3
126,58,3
110,43,3
147,53,3
62,70,2
143,51,3
141,52,3
124,50,3
119,54,3
109,91,1
143,48,3
122,55,3
66,72,2
74,94,2
118,49,3
56,80,2
72,73,2
116,47,3
118,53,3
118,57,3
106,119,1
117,55,3
105,49,3
124,53,3
124,51,3
63,63,2
128,51,3
103,103,1
131,47,3
111,161,6
129,52,3
109,47,3
119,50,3
126,53,3
129,48,3
125,51,3
119,44,3
137,50,3
116,48,3
108,107,1
117,115,1
125,47,3
105,111,1
136,55,3
116,52,3
108,110,1
76,93,2
61,71,2
126,49,3
117,63,3
131,57,3
92,97,2
151,44,3
78,95,2
69,81,2
127,54,3
66,83,2
105,119,1
100,52,3
172,57,5
66,46,0
147,51,3
71,72,2
139,60,3
121,53,3
106,124,1
61,69,2
68,75,2
65,58,2
73,45,0
97,133,1
130,50,3
125,49,3
76,73,2
119,42,3
131,55,3
64,63,2
78,74,2
140,49,3
75,69,2
118,49,3
75,0,0
59,2,0
127,57,3
63,86,2
80,100,2
122,44,3
75,67,2
49,20,0
128,68,3
75,88,2
148,48,3
119,43,3
131,52,3
75,66,2
127,47,3
114,53,3
65,69,2
119,51,3
118,52,3
120,45,3
110,49,3
60,73,2
118,52,3
120,114,1
130,57,3
64,84,2
120,53,3
118,49,3
122,49,3
83,74,2
112,102,1
146,51,3
124,47,3
136,53,3
115,59,3
136,55,3
130,66,3
129,56,3
75,91,2
123,57,3
133,58,3
124,45,3
66,87,2
126,62,3
133,43,3
119,44,3
82,105,2
68,62,2
59,64,2
120,51,3
133,51,3
110,48,3
170,53,5
134,57,3
167,51,5
110,53,3
140,52,3
123,43,3
68,78,2
143,50,3
162,40,5
118,55,3
80,89,2
116,52,3
122,47,3
139,52,3
49,59,2
125,59,3
69,70,2
120,109,1
140,52,3
123,56,3
83,97,2
130,46,3
117,58,3
121,54,3
107,99,1
143,80,0
134,45,3
139,53,3
112,115,1
128,46,3
109,38,3
136,58,3
134,48,3
116,46,3
109,51,3
107,47,3
84,92,2
133,54,3
144,59,3
67,66,2
125,46,3
102,106,1
137,55,3
139,55,3
75,67,2
115,52,3
115,96,1
104,55,3
129,45,3
133,51,3
70,89,2
74,76,2
66,41,0
71,47,0
139,50,3
123,113,1
127,48,3
124,45,3
135,56,3
113,50,3
117,50,3
122,45,3
130,57,3
122,99,1
142,62,3
130,51,3
84,107,2
72,69,2
64,73,2
122,50,3
81,80,2
134,42,3
59,34,0
52,71,2
85,81,2
78,91,2
73,71,2
105,121,1
114,54,3
109,45,3
115,51,3
124,47,3
119,50,3
77,102,2
122,52,3
71,83,2
44,47,2
142,57,3
110,51,3
126,55,3
68,90,2
132,54,3
143,52,3
128,54,3
123,47,3
72,101,2
136,58,3
130,56,3
153,54,3
71,75,2
106,73,3
116,44,3
145,51,3
150,47,3
121,54,3
140,63,3
127,55,3
133,57,3
69,64,2
114,48,3
41,18,0
111,100,1
63,77,2
37,15,0
121,52,3
64,78,2
102,88,1
140,54,3
75,80,2
118,43,3
126,55,3
128,44,3
143,48,3
126,50,3
134,46,3
99,80,1
110,48,3
125,63,3
129,50,3
126,49,3
65,77,2
126,83,0
122,55,3
71,37,0
108,48,3
175,43,5
131,34,3
133,54,3
69,73,2
125,65,3
127,58,3
106,58,3
113,51,3
115,49,3
102,100,1
128,52,3
131,50,3
118,44,3
114,99,1
78,75,2
122,54,3
102,48,3
117,48,3
119,99,1
96,106,1
117,45,3
127,44,3
60,21,0
70,78,2
130,58,3
135,49,3
126,50,3
119,53,3
129,47,3
93,117,1
135,43,3
143,51,3
107,48,3
107,48,3
61,56,2
82,66,2
131,55,3
141,59,3
128,53,3
123,46,3
123,130,1
129,53,3
118,55,3
121,52,3
156,39,5
137,51,3
123,52,3
107,47,3
104,54,3
74,103,2
127,45,3
136,55,3
120,59,3
111,47,3
153,52,3
130,50,3
122,52,3
73,70,2
124,47,3
117,52,3
139,53,3
114,58,3
61,73,2
69,79,2
112,48,3
139,56,3
156,50,3
133,55,3
120,44,3
116,85,1
72,94,2
80,68,2
106,117,1
120,50,3
121,56,3
114,50,3
67,80,2
108,40,3
117,47,3
96,85,1
118,45,3
125,55,3
108,53,3
80,71,2
69,94,2
105,51,3
109,108,1
123,59,3
62,76,2
64,90,2
131,52,3
61,38,0
63,72,2
112,96,1
71,86,2
127,46,3
110,48,3
140,46,3
102,49,3
144,58,3
135,63,3
96,50,3
120,198,9
54,71,2
69,61,2
73,71,2
126,50,3
167,50,5
115,48,3
136,45,3
128,53,3
133,55,3
123,233,9
68,63,2
154,52,3
170,38,5
130,45,3
141,57,3
79,86,2
132,54,3
135,49,3
141,59,3
131,52,3
88,104,2
106,41,3
122,50,3
111,44,3
123,53,3
111,48,3
117,48,3
112,48,3
64,69,2
139,54,3
68,75,2
100,100,1
123,43,3
78,81,2
118,46,3
150,57,3
106,44,3
112,38,3
138,55,3
86,118,2
123,49,3
146,56,3
102,41,3
69,64,2
100,109,1
117,108,1
130,41,3
109,120,1
126,47,3
62,72,2
157,62,3
134,48,3
30,12,0
55,63,2
144,56,3
79,88,2
118,99,1
143,50,3
74,88,2
133,42,3
135,52,3
123,56,3
130,52,3
135,100,0
142,55,3
131,59,3
126,48,3
79,80,2
87,115,2
75,76,2
126,58,3
68,86,2
69,2,0
63,82,2
121,59,3
119,54,3
130,54,3
130,50,3
129,56,3
60,66,2
129,44,3
120,45,3
64,81,2
64,83,2
111,104,1
131,57,3
113,55,3
123,59,3
116,46,3
71,75,2
78,62,2
181,44,5
76,76,2
95,80,1
109,37,3
111,45,3
119,51,3
123,52,3
113,45,3
136,52,3
118,54,3
95,52,3
101,98,1
123,59,3
60,19,0
78,60,2
110,100,1
130,43,3
115,49,3
72,79,2
72,38,0
128,46,3
63,89,2
64,95,2
73,0,0
113,47,3
127,55,3
120,45,3
75,97,2
112,49,3
122,49,3
119,95,1
116,54,3
118,56,3
119,48,3
117,124,1
118,44,3
59,68,2
124,48,3
105,128,1
80,75,2
87,105,2
121,47,3
63,63,2
124,45,3
126,46,3
82,85,2
120,47,3
133,54,3
83,6,0
111,48,3
131,51,3
128,45,3
110,50,3
63,68,2
119,47,3
42,8,0
119,46,3
68,67,2
116,47,3
137,47,3
134,51,3
143,58,3
130,54,3
67,39,0
133,57,3
134,60,3
115,47,3
60,66,2
122,52,3
77,86,2
108,47,3
142,59,3
70,42,0
70,62,2
137,54,3
70,86,2
110,56,3
123,51,3
139,58,3
132,50,3
74,91,2
135,52,3
76,100,2
140,49,3
101,90,1
76,74,2
119,50,3
68,83,2
80,69,2
121,51,3
122,45,3
27,1,0
127,56,3
56,35,0
128,50,3
141,54,3
70,96,2
104,2,0
131,49,3
130,48,3
124,45,3
113,46,3
70,100,2
63,68,2
151,54,3
122,56,3
78,70,2
125,51,3
129,53,3
66,61,2
135,52,3
114,51,3
70,68,2
99,48,3
119,57,3
106,100,1
136,54,3
138,55,3
143,57,3
96,52,3
60,90,2
119,53,3
122,57,3
64,76,2
74,79,2
31,14,0
129,41,3
180,46,5
102,206,9
72,67,2
128,45,3
127,49,3
125,51,3
117,49,3
129,53,3
69,73,2
120,52,3
69,64,2
125,51,3
125,49,3
133,49,3
115,54,3
108,87,1
121,59,3
139,47,3
176,44,5
131,54,3
113,105,1
134,60,3
96,101,1
50,20,0
77,85,2
132,52,3
97,2,0
63,61,2
122,51,3
128,53,3
105,106,1
119,55,3
139,52,3
114,49,3
138,51,3
75,47,0
69,68,2
107,96,1
143,80,0
100,52,3
106,65,3
57,62,2
74,62,2
121,53,3
21,8,0
107,51,3
133,55,3
108,51,3
135,53,3
122,47,3
118,51,3
167,48,5
112,50,3
111,107,1
128,47,3
63,65,2
72,85,2
120,52,3
143,44,3
80,106,2
80,75,2
70,62,2
103,97,1
56,60,2
118,57,3
103,92,1
134,56,3
68,68,2
68,66,2
76,90,2
124,61,3
135,58,3
80,70,2
58,61,2
74,69,2
117,56,3
143,48,3
126,50,3
73,75,2
72,89,2
122,51,3
137,50,3
126,51,3
104,53,3
123,51,3
120,48,3
122,50,3
114,47,3
110,52,3
122,103,1
60,72,2
70,63,2
119,45,3
40,11,0
131,51,3
73,82,2
66,71,2
114,49,3
167,48,5
134,60,3
74,73,2
118,53,3
135,53,3
116,38,3
118,52,3
73,68,2
177,52,5
113,47,3
149,58,3
119,55,3
125,55,3
108,45,3
83,43,0
125,43,3
108,50,3
129,48,3
110,54,3
136,48,3
111,105,1
111,107,1
93,53,3
115,49,3
79,96,2
108,52,3
63,61,2
75,79,2
145,58,3
117,46,3
61,72,2
134,55,3
142,55,3
112,51,3
79,70,2
129,47,3
114,48,3
119,49,3
108,39,3
131,46,3
119,46,3
123,53,3
126,55,3
60,78,2
109,98,1
102,92,1
71,90,2
79,82,2
194,47,5
72,77,2
122,43,3
117,58,3
126,57,3
90,42,3
122,53,3
64,68,2
115,57,3
127,48,3
118,48,3
133,59,3
136,54,3
111,92,1
85,107,2
121,54,3
92,82,2
146,52,3
136,54,3
40,9,0
128,43,3
99,47,3
143,46,3
133,53,3
110,110,1
43,15,0
70,70,2
77,59,2
105,48,3
132,56,3
63,78,2
110,96,1
130,74,0
100,86,1
63,70,2
60,28,0
142,49,3
106,84,1
77,91,2
106,100,1
132,53,3
133,53,3
122,58,3
125,49,3
137,47,3
127,54,3
109,46,3
106,49,3
120,53,3
73,76,2
122,53,3
65,63,2
119,56,3
125,54,3
71,84,2
132,55,3
119,54,3
43,11,0
57,74,2
113,46,3
114,44,3
119,38,3
125,45,3
74,76,2
138,50,3
132,48,3
62,66,2
119,43,3
127,54,3
141,53,3
109,104,1
141,46,3
132,49,3
76,70,2
102,43,3
82,106,2
122,49,3
139,54,3
114,49,3
66,79,2
60,72,2
117,123,1
128,50,3
102,106,1
137,43,3
121,51,3
118,53,3
56,21,0
123,56,3
133,44,3
141,45,3
57,78,2
169,45,5
119,113,1
142,55,3
121,114,1
105,52,3
149,108,0
131,46,3
113,106,1
115,127,1
66,28,0
131,37,3
130,59,3
118,55,3
69,87,2
120,50,3
131,50,3
177,51,5
124,56,3
124,48,3
129,42,3
82,92,2
74,74,2
78,107,2
104,101,1
68,69,2
97,102,1
114,50,3
129,42,3
150,50,3
127,51,3
77,90,2
122,49,3
85,99,2
70,62,2
80,38,0
147,56,3
75,71,2
134,46,3
117,52,3
121,53,3
70,85,2
133,52,3
53,21,0
143,54,3
147,55,3
143,57,3
59,69,2
81,102,2
112,47,3
109,45,3
83,81,2
135,43,3
120,57,3
106,49,3
118,46,3
177,48,5
95,103,1
109,53,3
113,47,3
75,74,2
115,51,3
116,54,3
124,61,3
133,48,3
118,49,3
120,46,3
72,67,2
178,50,5
116,67,3
70,66,2
129,47,3
99,105,1
119,71,0
126,60,3
134,55,3
125,62,3
179,44,5
143,53,3
118,45,3
130,60,3
143,59,3
82,97,2
132,43,3
136,47,3
89,44,3
130,50,3
136,40,3
127,46,3
82,37,0
103,47,3
137,58,3
140,52,3
178,50,5
141,44,3
136,42,3
109,49,3
69,67,2
123,41,3
51,12,0
130,56,3
176,44,5
70,84,2
115,53,3
68,17,0
63,77,2
65,65,2
122,46,3
81,101,2
111,47,3
96,85,1
124,44,3
104,105,1
114,51,3
118,44,3
126,55,3
62,75,2
73,86,2
64,66,2
113,104,1
144,54,3
89,97,2
110,46,3
123,56,3
106,44,3
161,45,5
131,59,3
71,66,2
106,107,1
121,55,3
142,57,3
120,48,3
113,53,3
132,53,3
132,49,3
124,45,3
120,51,3
33,13,0
106,51,3
72,93,2
113,45,3
114,104,1
132,49,3
71,86,2
68,39,0
71,76,2
121,50,3
124,54,3
116,49,3
124,52,3
147,52,3
137,58,3
192,49,5
149,56,3
67,74,2
114,55,3
104,52,3
127,42,3
123,53,3
108,97,1
169,54,5
162,45,5
134,48,3
107,75,3
132,47,3
120,57,3
129,47,3
112,47,3
128,44,3
110,87,1
108,42,3
145,55,3
133,55,3
100,48,3
105,50,3
114,174,6
111,47,3
124,46,3
132,58,3
124,47,3
114,56,3
73,77,2
116,49,3
163,37,5
80,42,0
121,52,3
55,1,0
130,53,3
51,67,2
54,60,2
132,61,3
59,64,2
119,51,3
74,80,2
100,45,3
133,50,3
35,11,0
100,94,1
112,41,3
113,51,3
68,58,2
104,112,1
112,53,3
119,50,3
167,54,5
148,53,3
108,99,1
119,55,3
63,64,2
80,77,2
75,69,2
97,87,1
76,87,2
123,51,3
62,63,2
78,73,2
116,46,3
61,64,2
66,93,2
121,38,3
66,82,2
107,41,3
112,44,3
116,45,3
121,39,3
116,52,3
120,55,3
104,109,1
128,54,3
130,49,3
139,47,3
145,50,3
118,51,3
110,106,1
99,97,1
130,46,3
129,62,3
113,55,3
143,52,3
123,47,3
99,103,1
137,51,3
32,15,0
180,50,5
126,52,3
111,52,3
100,123,1
114,55,3
70,65,2
123,55,3
120,58,3
65,78,2
127,47,3
112,85,1
131,62,3
69,72,2
110,36,3
36,2,0
117,51,3
108,43,3
128,51,3
119,50,3
119,47,3
113,46,3
140,54,3
145,52,3
144,50,3
138,52,3
78,75,2
133,61,3
119,48,3
121,39,3
141,48,3
130,53,3
70,100,2
83,104,2
63,63,2
59,77,2
137,54,3
87,55,3
131,48,3
126,49,3
124,46,3
128,51,3
66,69,2
126,45,3
125,57,3
72,81,2
147,57,3
117,44,3
118,59,3
74,65,2
68,35,0
128,45,3
80,109,2
76,83,2
65,65,2
109,45,3
111,51,3
115,48,3
63,88,2
114,53,3
134,50,3
122,51,3
128,57,3
84,98,2
125,47,3
121,55,3
76,80,2
114,55,3
122,48,3
67,78,2
143,53,3
130,44,3
74,65,2
125,45,3
124,43,3
110,55,3
117,45,3
82,72,2
127,51,3
58,0,0
98,88,1
121,53,3
115,48,3
127,46,3
165,46,5
110,41,3
120,50,3
112,48,3
68,64,2
137,51,3
111,49,3
67,82,2
139,52,3
125,52,3
102,61,3
129,54,3
120,55,3
128,52,3
117,56,3
135,48,3
117,56,3
46,15,0
67,64,2
61,69,2
72,90,2
111,48,3
128,50,3
129,44,3
113,48,3
126,58,3
124,54,3
129,56,3
147,50,3
118,51,3
143,43,3
71,82,2
78,84,2
106,88,1
125,46,3
139,48,3
68,81,2
129,47,3
122,47,3
63,62,2
126,45,3
123,47,3
117,47,3
56,34,0
140,53,3
135,58,3
121,55,3
112,42,3
68,89,2
130,59,3
113,46,3
107,45,3
109,47,3
134,51,3
127,58,3
147,53,3
119,41,3
73,102,2
95,28,3
114,48,3
122,51,3
106,48,3
114,51,3
127,54,3
68,61,2
101,107,1
130,53,3
114,54,3
125,50,3
94,45,3
66,68,2
124,46,3
117,46,3
70,101,2
66,74,2
110,51,3
97,55,3
135,51,3
132,51,3
73,83,2
122,55,3
120,52,3
132,58,3
130,58,3
116,56,3
73,78,2
62,66,2
135,53,3
144,56,3
118,50,3
68,68,2
143,50,3
131,48,3
117,53,3
122,47,3
113,56,3
116,51,3
117,53,3
62,68,2
137,51,3
37,15,0
114,102,1
60,73,2
135,44,3
118,48,3
74,97,2
133,57,3
116,50,3
95,117,1
56,70,2
129,46,3
42,20,0
70,94,2
90,83,2
110,50,3
140,55,3
118,54,3
116,114,1
132,49,3
135,45,3
64,70,2
122,54,3
133,57,3
142,52,3
104,106,1
127,46,3
115,101,1
123,51,3
63,61,2
69,72,2
138,52,3
66,67,2
133,54,3
136,47,3
138,52,3
116,86,1
55,59,2
123,59,3
124,44,3
102,49,3
124,53,3
100,84,1
113,106,1
60,79,2
107,54,3
112,48,3
58,81,2
115,52,3
119,45,3
76,93,2
89,97,2
67,59,2
121,48,3
151,58,3
111,50,3
121,49,3
68,68,2
128,56,3
110,51,3
107,46,3
55,56,2
110,42,3
130,50,3
122,45,3
116,48,3
123,50,3
135,63,3
106,44,3
111,53,3
120,49,3
61,17,0
124,53,3
130,43,3
77,97,2
120,44,3
107,52,3
109,49,3
117,55,3
76,76,2
64,68,2
131,57,3
106,50,3
66,74,2
70,68,2
124,44,3
111,53,3
126,57,3
70,85,2
106,102,1
105,46,3
134,45,3
69,62,2
119,53,3
106,48,3
59,71,2
57,16,0
116,52,3
121,54,3
110,45,3
129,49,3
58,56,2
115,49,3
75,90,2
54,64,2
135,50,3
139,48,3
122,46,3
115,40,3
127,55,3
128,52,3
95,111,1
108,103,1
102,95,1
77,43,0
134,48,3
115,48,3
123,55,3
85,102,2
127,49,3
127,55,3
107,95,1
119,48,3
68,66,2
68,79,2
143,49,3
106,109,1
97,44,3
117,41,3
75,82,2
121,47,3
131,57,3
105,40,3
107,84,1
117,49,3
44,15,0
71,67,2
159,81,0
109,46,3
139,50,3
111,45,3
112,51,3
83,110,2
61,82,2
130,44,3
84,102,2
129,61,3
129,108,0
133,49,3
101,49,3
64,72,2
112,46,3
131,43,3
115,48,3
116,111,1
142,53,3
135,52,3
115,55,3
118,53,3
77,98,2
108,122,1
130,49,3
133,53,3
130,53,3
109,120,1
83,100,2
128,59,3
89,75,2
120,48,3
113,47,3
115,41,3
118,52,3
110,51,3
118,44,3
144,60,3
63,75,2
136,49,3
111,98,1
165,49,5
61,66,2
107,108,1
71,84,2
131,46,3
118,102,1
65,64,2
62,66,2
141,49,3
75,45,0
66,73,2
123,58,3
134,47,3
141,53,3
122,42,3
58,58,2
119,50,3
64,39,0
60,69,2
127,44,3
155,61,3
117,40,3
73,84,2
120,42,3
128,49,3
124,49,3
128,185,9
133,52,3
65,63,2
115,48,3
131,45,3
120,46,3
104,96,1
132,42,3
119,51,3
110,98,1
137,59,3
132,44,3
118,52,3
142,50,3
121,52,3
150,53,3
117,51,3
130,57,3
129,48,3
141,60,3
61,69,2
72,85,2
138,53,3
117,52,3
128,51,3
148,55,3
65,73,2
121,54,3
125,52,3
101,56,3
106,51,3
138,53,3
57,67,2
106,45,3
125,56,3
131,49,3
125,46,3
62,37,0
114,45,3
115,69,3
62,73,2
133,68,3
140,55,3
80,101,2
106,124,1
67,66,2
115,45,3
122,91,1
112,37,3
141,50,3
125,43,3
125,52,3
135,57,3
127,48,3
109,53,3
99,96,1
135,55,3
130,63,3
124,48,3
130,60,3
140,43,3
123,41,3
115,46,3
111,53,3
73,35,0
121,45,3
131,56,3
111,51,3
128,50,3
121,43,3
119,52,3
126,51,3
73,47,0
83,61,2
62,81,2
140,42,3
105,108,1
67,93,2
126,57,3
133,58,3
97,46,3
100,46,3
80,89,2
119,40,3
149,37,3
96,89,1
171,49,5
105,65,3
122,43,3
129,51,3
127,48,3
125,52,3
131,55,3
124,44,3
136,51,3
142,56,3
104,43,3
129,48,3
176,37,5
104,50,3
138,44,3
145,59,3
58,73,2
112,94,1
108,113,1
70,77,2
118,57,3
42,6,0
20,1,0
132,51,3
102,96,1
126,47,3
61,42,0
119,42,3
115,47,3
123,43,3
111,40,3
114,49,3
126,67,3
126,47,3
148,59,3
120,114,1
117,111,1
137,48,3
126,48,3
60,70,2
76,65,2
132,47,3
131,52,3
147,44,3
140,49,3
121,48,3
85,43,0
140,51,3
68,59,2
66,88,2
78,83,2
121,52,3
136,54,3
123,50,3
121,52,3
71,61,2
117,57,3
115,47,3
143,53,3
103,43,3
140,57,3
126,50,3
129,56,3
114,38,3
106,50,3
68,78,2
141,55,3
135,51,3
114,53,3
114,106,1
127,42,3
134,53,3
173,40,5
70,68,2
79,65,2
114,52,3
116,53,3
120,57,3
124,54,3
105,56,3
113,39,3
74,80,2
142,35,3
115,59,3
107,49,3
136,52,3
65,44,0
112,47,3
108,44,3
120,46,3
110,49,3
114,49,3
122,46,3
38,16,0
117,52,3
114,58,3
105,114,1
121,49,3
78,66,2
64,67,2
129,56,3
59,68,2
73,92,2
63,69,2
102,27,3
91,99,2
79,81,2
114,48,3
116,56,3
100,48,3
124,48,3
132,47,3
122,55,3
125,44,3
118,58,3
38,15,0
122,58,3
121,50,3
129,46,3
56,73,2
114,49,3
69,86,2
117,43,3
138,52,3
67,84,2
139,51,3
126,44,3
125,50,3
105,51,3
71,101,2
174,32,5
107,44,3
171,51,5
109,116,1
71,92,2
182,34,5
126,44,3
67,64,2
131,58,3
136,49,3
117,46,3
129,43,3
112,48,3
114,50,3
76,106,2
118,49,3
118,53,3
112,42,3
139,48,3
114,38,3
105,54,3
101,114,1
139,45,3
116,57,3
128,54,3
115,48,3
135,47,3
125,53,3
139,49,3
111,50,3
107,48,3
118,53,3
127,48,3
99,109,1
105,46,3
125,46,3
123,61,3
125,50,3
58,80,2
127,52,3
122,45,3
149,43,3
118,51,3
106,97,1
117,50,3
184,46,5
110,46,3
112,50,3
71,82,2
141,45,3
138,58,3
170,47,5
84,96,2
148,58,3
52,68,2
133,58,3
117,47,3
148,55,3
136,59,3
71,80,2
119,46,3
106,57,3
36,18,0
105,106,1
111,44,3
114,54,3
110,51,3
121,49,3
119,118,1
109,48,3
127,44,3
72,82,2
113,46,3
139,62,3
124,54,3
133,47,3
124,47,3
70,68,2
116,52,3
125,52,3
128,51,3
106,46,3
80,115,2
125,54,3
98,122,1
62,64,2
72,75,2
129,53,3
112,52,3
132,45,3
119,47,3
136,46,3
66,64,2
131,46,3
127,49,3
117,119,1
103,42,3
110,55,3
61,82,2
134,47,3
108,51,3
119,56,3
70,76,2
123,52,3
120,54,3
70,85,2
60,62,2
106,108,1
129,57,3
123,56,3
166,39,5
63,61,2
117,42,3
37,0,0
104,117,1
111,47,3
113,51,3
120,53,3
134,46,3
120,45,3
126,60,3
127,52,3
70,70,2
115,94,1
164,49,5
129,47,3
52,74,2
117,47,3
125,57,3
139,51,3
60,59,2
62,104,2
111,50,3
103,109,1
127,56,3
117,48,3
133,49,3
143,55,3
123,57,3
68,83,2
131,45,3
106,105,1
62,62,2
123,56,3
72,35,0
107,115,1
122,51,3
111,101,1
76,74,2
65,69,2
139,52,3
69,82,2
128,52,3
138,51,3
127,48,3
133,44,3
121,43,3
134,58,3
143,55,3
116,49,3
124,53,3
121,56,3
116,40,3
129,41,3
104,50,3
84,58,2
103,46,3
99,108,1
129,50,3
110,52,3
131,46,3
141,56,3
108,50,3
132,49,3
130,52,3
68,60,2
115,46,3
118,56,3
69,97,2
130,50,3
107,42,3
69,75,2
104,48,3
71,68,2
113,51,3
48,18,0
126,54,3
108,94,1
109,51,3
123,42,3
102,107,1
126,41,3
114,49,3
138,44,3
82,33,0
133,58,3
161,52,5
113,53,3
80,101,2
113,53,3
136,50,3
133,47,3
113,135,1
134,50,3
140,55,3
125,51,3
137,55,3
114,55,3
109,55,3
124,52,3
123,49,3
85,81,2
74,60,2
131,52,3
141,51,3
144,44,3
145,57,3
127,52,3
110,44,3
116,56,3
116,51,3
135,57,3
144,52,3
156,49,3
144,59,3
101,46,3
128,54,3
119,60,3
120,42,3
58,63,2
127,46,3
51,65,2
122,51,3
113,96,1
66,93,2
133,46,3
73,85,2
120,102,1
69,80,2
162,46,5
103,46,3
114,52,3
112,50,3
132,43,3
126,52,3
112,46,3
68,71,2
73,91,2
61,74,2
65,65,2
106,115,1
115,49,3
72,75,2
110,43,3
69,87,2
178,46,5
122,48,3
138,57,3
117,51,3
110,48,3
69,76,2
115,41,3
115,44,3
115,41,3
131,52,3
71,79,2
84,48,0
77,66,2
126,53,3
78,78,2
69,69,2
122,51,3
122,46,3
98,75,1
123,53,3
70,76,2
110,56,3
111,52,3
65,61,2
125,49,3
63,80,2
114,51,3
115,50,3
112,49,3
111,48,3
123,42,3
71,104,2
67,62,2
57,64,2
71,90,2
110,52,3
105,85,1
64,34,0
120,53,3
142,43,3
117,46,3
70,86,2
141,50,3
122,47,3
84,125,2
120,46,3
138,53,3
107,51,3
130,47,3
129,64,3
131,54,3
132,55,3
64,71,2
105,50,3
77,91,2
112,53,3
154,52,3
100,102,1
81,76,2
120,46,3
100,112,1
115,48,3
113,44,3
135,53,3
74,85,2
120,49,3
67,70,2
184,48,5
70,96,2
138,58,3
111,38,3
61,62,2
73,75,2
122,44,3
96,53,3
115,47,3
66,71,2
47,19,0
72,59,2
133,50,3
67,93,2
118,49,3
107,50,3
67,90,2
111,40,3
72,83,2
126,49,3
70,84,2
68,63,2
131,45,3
127,57,3
138,58,3
109,101,1
112,108,1
127,49,3
77,68,2
125,47,3
119,56,3
131,45,3
74,78,2
109,50,3
136,55,3
113,50,3
57,69,2
189,49,5
112,48,3
67,89,2
43,16,0
116,53,3
146,52,3
100,87,1
163,41,5
115,45,3
78,69,2
131,50,3
61,73,2
166,48,5
72,74,2
125,54,3
104,103,1
125,54,3
140,47,3
61,90,2
124,51,3
104,108,1
127,47,3
75,91,2
136,58,3
78,90,2
71,90,2
121,49,3
129,44,3
129,50,3
125,53,3
101,109,1
71,96,2
49,17,0
121,57,3
120,50,3
66,73,2
127,47,3
116,54,3
129,54,3
75,56,2
104,99,1
69,72,2
115,53,3
147,53,3
115,89,1
150,50,3
118,53,3
125,45,3
71,68,2
133,56,3
141,58,3
116,47,3
119,48,3
119,47,3
113,47,3
77,96,2
81,87,2
109,51,3
123,53,3
114,104,1
130,51,3
102,105,1
166,54,5
137,53,3
106,51,3
146,55,3
140,46,3
112,41,3
105,44,3
120,47,3
136,57,3
142,47,3
120,49,3
128,50,3
75,64,2
74,90,2
66,85,2
145,47,3
173,46,5
136,53,3
129,57,3
136,54,3
116,51,3
146,59,3
71,66,2
113,131,1
92,47,3
60,55,2
106,95,1
171,46,5
116,45,3
111,106,1
64,90,2
118,48,3
147,51,3
122,46,3
49,17,0
78,87,2
31,14,0
118,197,9
110,51,3
67,53,2
96,94,1
134,52,3
55,46,2
118,52,3
108,100,1
127,57,3
122,47,3
109,116,1
124,43,3
132,55,3
160,49,3
118,50,3
64,16,0
113,51,3
124,47,3
101,45,3
131,49,3
81,82,2
58,67,2
162,45,5
123,49,3
71,73,2
59,66,2
110,38,3
108,130,1
112,55,3
132,44,3
117,45,3
128,56,3
129,52,3
135,55,3
151,51,3
101,41,3
124,40,3
121,51,3
150,55,3
73,92,2
50,60,2
133,56,3
69,86,2
90,112,2
113,45,3
70,67,2
150,53,3
59,79,2
116,51,3
134,50,3
138,43,3
102,106,1
65,67,2
115,41,3
113,46,3
124,58,3
119,51,3
70,61,2
138,53,3
70,45,0
132,44,3
141,54,3
143,54,3
125,46,3
74,55,2
65,65,2
66,67,2
140,47,3
126,58,3
111,46,3
132,52,3
140,57,3
115,51,3
130,44,3
132,47,3
127,49,3
125,49,3
77,89,2
65,76,2
137,54,3
130,50,3
118,53,3
65,67,2
128,54,3
147,46,3
131,52,3
126,50,3
60,36,0
77,66,2
63,60,2
66,66,2
119,107,1
148,53,3
124,46,3
184,53,5
144,53,3
138,55,3
73,83,2
68,61,2
136,47,3
63,73,2
145,48,3
131,54,3
136,48,3
103,103,1
65,70,2
116,99,1
133,59,3
129,54,3
126,48,3
121,50,3
120,53,3
108,100,1
64,60,2
126,44,3
78,81,2
128,38,3
110,41,3
119,50,3
76,82,2
93,41,3
117,54,3
72,91,2
63,68,2
146,50,3
84,49,0
127,46,3
68,73,2
131,50,3
163,44,5
122,50,3
125,55,3
73,85,2
138,52,3
123,46,3
73,92,2
75,79,2
127,49,3
111,51,3
161,41,5
108,121,1
133,47,3
56,58,2
132,43,3
114,50,3
150,50,3
127,167,6
88,42,3
130,50,3
106,117,1
133,51,3
135,50,3
98,102,1
107,57,3
122,47,3
115,105,1
56,78,2
135,56,3
141,44,3
30,12,0
108,96,1
115,100,1
132,47,3
127,54,3
137,49,3
76,69,2
129,36,3
138,48,3
101,98,1
121,44,3
139,51,3
69,67,2
172,56,5
124,53,3
119,48,3
126,53,3
122,54,3
115,49,3
135,49,3
118,51,3
120,49,3
125,55,3
125,49,3
119,44,3
134,53,3
78,79,2
133,40,3
119,45,3
120,175,6
120,48,3
136,51,3
113,42,3
126,53,3
74,70,2
130,51,3
45,12,0
119,55,3
130,46,3
133,55,3
144,52,3
148,50,3
139,57,3
113,41,3
110,45,3
55,61,2
131,56,3
128,46,3
115,52,3
56,19,0
46,17,0
107,46,3
58,63,2
120,45,3
68,13,0
115,47,3
151,50,3
131,48,3
50,59,2
123,53,3
122,127,1
124,51,3
159,54,5
137,44,3
176,39,5
129,61,3
126,53,3
135,49,3
184,35,5
112,96,1
135,50,3
108,55,3
70,72,2
105,84,1
120,54,3
132,46,3
101,49,3
55,66,2
136,45,3
125,41,3
112,104,1
136,51,3
122,45,3
71,60,2
95,101,1
128,46,3
179,56,5
146,48,3
132,54,3
68,80,2
59,14,0
111,48,3
121,57,3
111,115,1
63,70,2
130,47,3
134,50,3
102,51,3
127,41,3
137,54,3
135,53,3
140,51,3
111,36,3
0,0,0
136,45,3
109,48,3
115,51,3
110,41,3
159,44,5
131,43,3
112,117,1
114,46,3
65,55,2
119,50,3
67,70,2
132,49,3
86,39,0
137,45,3
120,50,3
110,50,3
133,44,3
59,57,2
71,43,0
127,46,3
151,58,3
124,46,3
124,60,3
114,49,3
114,93,1
112,44,3
121,49,3
55,72,2
137,48,3
53,68,2
69,68,2
98,57,3
123,46,3
134,50,3
70,69,2
109,45,3
51,15,0
113,49,3
119,44,3
103,49,3
72,75,2
60,76,2
122,48,3
100,101,1
117,44,3
70,41,0
124,50,3
133,53,3
120,56,3
65,69,2
131,54,3
137,43,3
65,75,2
63,61,2
116,43,3
120,50,3
77,94,2
90,122,2
114,48,3
133,60,3
117,45,3
137,47,3
174,49,5
87,55,3
123,46,3
64,63,2
66,83,2
63,68,2
112,87,1
111,102,1
108,49,3
133,65,3
129,49,3
115,111,1
66,78,2
131,48,3
67,77,2
133,59,3
121,54,3
53,66,2
135,56,3
108,102,1
138,49,3
64,66,2
139,47,3
122,46,3
123,52,3
58,79,2
129,50,3
171,45,5
165,37,5
122,80,0
125,48,3
65,82,2
117,49,3
130,47,3
130,49,3
134,50,3
138,56,3
108,45,3
120,43,3
80,97,2
142,52,3
115,47,3
112,50,3
126,50,3
119,53,3
132,42,3
134,43,3
61,72,2
96,42,3
125,50,3
121,51,3
130,52,3
113,102,1
114,48,3
122,44,3
118,45,3
144,49,3
74,91,2
69,80,2
76,39,0
134,41,3
126,49,3
109,102,1
67,77,2
96,81,1
188,69,5
119,52,3
100,48,3
120,40,3
136,51,3
134,61,3
130,53,3
137,54,3
117,49,3
62,60,2
62,78,2
134,52,3
119,49,3
117,49,3
74,93,2
189,45,5
134,42,3
131,50,3
125,44,3
130,45,3
117,45,3
141,59,3
67,64,2
61,71,2
116,47,3
129,54,3
108,48,3
113,43,3
141,41,3
133,63,3
127,49,3
107,39,3
135,47,3
69,72,2
113,53,3
144,56,3
174,50,5
134,56,3
110,43,3
120,42,3
129,43,3
123,55,3
57,84,2
163,46,5
68,69,2
119,41,3
82,110,2
109,47,3
161,37,5
105,106,1
130,57,3
97,91,1
104,194,9
101,49,3
120,52,3
116,48,3
56,72,2
135,45,3
136,50,3
122,50,3
142,49,3
129,40,3
126,49,3
112,48,3
81,75,2
129,45,3
145,54,3
114,49,3
115,45,3
116,52,3
129,43,3
136,57,3
110,50,3
119,52,3
112,91,1
114,57,3
116,52,3
125,41,3
123,112,1
141,56,3
125,52,3
137,45,3
122,48,3
136,50,3
77,95,2
58,9,0
71,60,2
126,46,3
112,45,3
108,48,3
153,60,3
128,53,3
118,48,3
121,50,3
118,48,3
128,56,3
129,214,14
129,46,3
110,51,3
136,46,3
70,72,2
106,52,3
112,120,1
89,73,2
136,53,3
123,50,3
119,54,3
109,40,3
122,57,3
115,36,3
125,56,3
149,49,3
149,116,0
116,47,3
103,44,3
117,45,3
131,50,3
143,50,3
75,67,2
102,96,1
66,85,2
127,46,3
131,49,3
77,106,2
128,58,3
145,54,3
149,48,3
149,58,3
64,73,2
117,47,3
127,50,3
86,104,2
120,51,3
67,81,2
125,50,3
116,43,3
123,51,3
60,57,2
130,48,3
72,52,2
113,55,3
65,73,2
117,52,3
70,94,2
70,77,2
107,53,3
66,64,2
69,68,2
75,39,0
111,49,3
130,55,3
81,112,2
120,52,3
111,117,1
121,47,3
119,50,3
115,43,3
112,46,3
110,54,3
119,87,1
77,73,2
123,49,3
82,100,2
121,52,3
36,4,0
70,79,2
103,39,3
127,52,3
66,69,2
120,64,3
114,48,3
126,59,3
125,45,3
123,84,0
144,54,3
68,77,2
102,103,1
111,44,3
106,103,1
145,56,3
152,57,3
128,62,3
124,51,3
121,48,3
68,66,2
110,100,1
75,89,2
153,43,3
173,10,0
102,96,1
158,49,3
140,50,3
79,69,2
132,53,3
54,56,2
133,57,3
113,42,3
79,79,2
137,48,3
65,71,2
110,48,3
120,45,3
61,67,2
69,81,2
75,54,2
65,81,2
112,44,3
60,73,2
66,66,2
119,47,3
126,47,3
130,52,3
115,49,3
133,45,3
127,55,3
123,125,1
119,102,1
116,51,3
122,54,3
108,116,1
120,46,3
96,51,3
127,47,3
113,44,3
104,52,3
58,68,2
76,88,2
121,47,3
128,45,3
120,56,3
147,52,3
132,45,3
119,51,3
118,50,3
110,39,3
124,47,3
121,51,3
136,51,3
118,52,3
111,107,1
117,52,3
53,78,2
122,43,3
67,66,2
130,41,3
114,40,3
122,49,3
70,81,2
74,88,2
82,89,2
134,49,3
81,74,2
131,48,3
74,72,2
106,112,1
100,43,3
114,99,1
110,36,3
118,42,3
104,115,1
131,47,3
123,52,3
124,60,3
66,85,2
69,72,2
119,67,3
166,41,5
103,64,3
119,50,3
67,63,2
141,49,3
110,51,3
131,54,3
59,18,0
69,79,2
123,48,3
115,56,3
60,67,2
83,9,0
75,65,2
109,47,3
114,42,3
115,54,3
122,52,3
142,50,3
92,13,0
125,53,3
62,67,2
154,28,5
77,94,2
139,52,3
94,114,1
117,48,3
130,54,3
65,70,2
147,48,3
140,50,3
29,11,0
119,48,3
136,59,3
139,48,3
175,42,5
64,81,2
124,50,3
70,71,2
124,56,3
133,40,3
146,72,0
124,56,3
112,124,1
68,75,2
134,45,3
117,48,3
130,51,3
160,91,0
115,47,3
118,53,3
117,53,3
121,58,3
136,41,3
71,84,2
124,49,3
127,54,3
107,51,3
185,48,5
60,74,2
67,71,2
174,47,5
121,48,3
62,67,2
77,94,2
109,50,3
123,48,3
56,74,2
193,50,5
123,47,3
149,62,3
135,59,3
125,52,3
129,49,3
107,97,1
39,15,0
130,55,3
76,87,2
140,55,3
68,88,2
124,57,3
123,50,3
112,47,3
66,77,2
113,47,3
111,44,3
136,54,3
176,45,5
119,53,3
108,47,3
124,52,3
117,56,3
122,49,3
126,52,3
186,43,5
128,52,3
115,49,3
139,53,3
131,52,3
74,85,2
126,57,3
112,46,3
120,43,3
121,55,3
74,76,2
72,86,2
102,100,1
95,48,3
129,46,3
102,116,1
57,85,2
79,82,2
125,50,3
136,55,3
139,57,3
120,44,3
118,45,3
122,58,3
176,50,5
64,77,2
105,101,1
106,47,3
136,44,3
134,49,3
121,46,3
160,56,3
130,46,3
79,63,2
113,112,1
72,83,2
123,43,3
121,58,3
155,48,3
110,48,3
60,85,2
133,46,3
127,58,3
96,106,1
121,57,3
119,54,3
126,56,3
107,43,3
104,53,3
60,66,2
111,101,1
116,49,3
111,52,3
129,59,3
134,49,3
117,60,3
107,99,1
126,63,3
138,48,3
121,52,3
112,46,3
130,52,3
182,53,5
134,46,3
65,85,2
127,56,3
55,1,1
123,52,3
65,67,2
120,43,3
57,70,2
138,56,3
69,70,2
69,93,2
137,52,3
74,77,2
122,52,3
137,50,3
124,44,3
74,90,2
166,51,5
113,50,3
102,39,3
107,42,3
148,49,3
66,91,2
110,108,1
130,42,3
103,103,1
124,54,3
139,57,3
63,73,2
72,71,2
74,45,0
110,50,3
113,57,3
171,48,5
72,42,0
186,43,5
128,51,3
108,85,1
125,48,3
68,71,2
108,68,3
132,58,3
106,39,3
93,81,1
126,57,3
106,51,3
128,52,3
63,81,2
111,52,3
59,67,2
139,50,3
134,96,0
110,48,3
132,45,3
121,43,3
143,56,3
116,42,3
72,106,2
102,103,1
133,44,3
108,43,3
117,53,3
106,133,1
110,52,3
108,51,3
102,52,3
110,50,3
65,65,2
129,44,3
139,47,3
128,55,3
118,58,3
116,47,3
165,40,5
78,97,2
73,86,2
109,53,3
97,49,3
66,69,2
115,41,3
120,45,3
118,103,1
81,43,0
131,50,3
146,53,3
105,126,1
117,50,3
138,53,3
77,40,0
113,114,1
137,45,3
134,50,3
126,57,3
132,50,3
108,45,3
111,50,3
135,47,3
128,51,3
58,73,2
129,47,3
60,56,2
145,57,3
70,76,2
126,40,3
67,88,2
42,19,0
132,44,3
61,77,2
101,49,3
65,67,2
102,98,1
186,39,5
103,120,1
107,51,3
109,39,3
102,68,3
158,40,5
119,45,3
133,46,3
43,15,0
103,106,1
111,48,3
94,43,3
121,50,3
129,61,3
120,55,3
73,83,2
72,81,2
138,58,3
117,56,3
129,49,3
109,96,1
70,94,2
76,89,2
116,51,3
63,64,2
136,55,3
123,53,3
65,74,2
122,52,3
71,95,2
75,76,2
127,50,3
143,58,3
11,0,0
111,40,3
128,46,3
163,42,5
108,104,1
123,46,3
106,47,3
105,104,1
124,40,3
64,67,2
65,71,2
78,76,2
106,53,3
88,100,2
177,48,5
133,51,3
109,48,3
142,51,3
69,68,2
60,77,2
145,47,3
62,71,2
116,43,3
120,51,3
116,52,3
116,50,3
134,55,3
28,13,0
126,45,3
125,42,3
57,66,2
101,137,1
112,47,3
98,49,3
123,47,3
120,46,3
103,105,1
158,42,5
130,58,3
130,57,3
107,45,3
118,44,3
101,47,3
115,96,1
126,42,3
69,78,2
109,51,3
119,53,3
141,52,3
129,45,3
118,103,1
107,47,3
61,65,2
58,72,2
133,55,3
104,113,1
151,57,3
110,44,3
112,47,3
125,43,3
131,52,3
128,53,3
133,46,3
68,31,0
65,67,2
61,65,2
120,57,3
121,50,3
94,20,0
115,60,3
132,50,3
61,59,2
105,125,1
120,53,3
130,46,3
110,49,3
136,46,3
129,58,3
119,40,3
136,48,3
167,55,5
62,79,2
125,48,3
103,52,3
75,90,2
125,51,3
52,62,2
108,42,3
129,49,3
70,66,2
123,48,3
122,46,3
108,44,3
123,54,3
123,48,3
118,47,3
75,79,2
125,48,3
117,47,3
68,70,2
133,51,3
116,54,3
79,87,2
120,51,3
119,53,3
122,49,3
62,69,2
142,53,3
111,39,3
83,41,0
173,51,5
129,51,3
112,46,3
144,52,3
108,46,3
121,45,3
118,54,3
102,47,3
177,45,5
114,48,3
91,33,3
103,53,3
136,52,3
57,19,0
82,88,2
103,46,3
123,49,3
44,10,0
151,51,3
57,29,0
68,80,2
144,59,3
105,94,1
56,72,2
72,87,2
120,57,3
131,49,3
92,94,2
137,55,3
75,70,2
130,49,3
76,52,2
108,45,3
66,55,2
129,43,3
105,67,3
137,51,3
110,46,3
100,46,3
133,45,3
83,76,2
100,52,3
133,51,3
117,40,3
117,49,3
126,50,3
80,93,2
131,54,3
54,61,2
78,89,2
134,55,3
129,43,3
128,49,3
108,112,1
106,121,1
123,59,3
107,46,3
70,79,2
121,48,3
135,45,3
134,51,3
125,52,3
105,121,1
172,44,5
138,45,3
124,50,3
155,43,3
121,54,3
124,63,3
77,61,2
60,74,2
130,43,3
113,92,1
112,48,3
140,46,3
124,52,3
129,47,3
63,86,2
111,46,3
113,49,3
43,7,0
114,45,3
72,67,2
110,2,0
144,70,0
149,54,3
116,37,3
69,82,2
119,50,3
131,52,3
72,43,0
65,87,2
138,60,3
67,64,2
126,47,3
108,51,3
110,48,3
140,45,3
112,98,1
64,93,2
126,45,3
120,52,3
109,52,3
71,74,2
114,49,3
148,49,3
133,49,3
145,56,3
121,56,3
99,48,3
130,46,3
130,47,3
104,67,3
124,53,3
68,84,2
128,43,3
69,78,2
140,58,3
71,95,2
64,76,2
127,50,3
115,47,3
86,92,2
55,15,0
125,53,3
120,54,3
74,96,2
113,108,1
81,72,2
119,43,3
73,35,0
137,50,3
106,111,1
71,92,2
127,46,3
116,46,3
77,106,2
72,105,2
64,65,2
110,51,3
109,39,3
81,110,2
105,54,3
117,51,3
83,85,2
125,40,3
105,92,1
99,45,3
46,19,0
65,92,2
115,51,3
66,73,2
127,49,3
116,49,3
100,86,1
71,61,2
125,52,3
120,51,3
124,54,3
142,55,3
135,51,3
139,57,3
110,40,3
67,63,2
125,68,3
101,65,3
132,55,3
68,78,2
61,33,0
40,11,0
70,81,2
55,5,0
127,51,3
134,61,3
119,42,3
65,65,2
74,72,2
106,82,1
103,51,3
150,53,3
122,45,3
68,81,2
114,53,3
65,102,2
129,47,3
83,64,2
112,103,1
128,55,3
58,88,2
68,37,0
135,55,3
68,73,2
65,62,2
117,53,3
178,44,5
105,48,3
102,113,1
135,85,0
127,52,3
122,47,3
124,54,3
111,36,3
99,43,3
122,116,1
141,45,3
102,37,3
129,46,3
138,46,3
116,53,3
128,46,3
129,45,3
110,43,3
75,87,2
114,55,3
118,45,3
127,50,3
123,42,3
123,108,1
64,32,0
128,44,3
114,55,3
127,54,3
88,99,2
102,112,1
133,52,3
132,48,3
80,94,2
132,53,3
105,113,1
66,81,2
128,41,3
91,79,2
134,47,3
131,47,3
137,54,3
115,102,1
127,43,3
38,13,0
122,44,3
121,54,3
65,62,2
140,49,3
115,52,3
69,96,2
130,54,3
118,50,3
150,55,3
131,58,3
85,95,2
60,65,2
106,115,1
124,52,3
74,36,0
130,48,3
47,61,2
126,46,3
107,49,3
128,57,3
108,49,3
81,100,2
65,71,2
103,96,1
115,51,3
127,44,3
68,66,2
122,53,3
102,48,3
71,88,2
75,97,2
71,93,2
99,96,1
134,53,3
105,46,3
118,48,3
125,46,3
73,45,0
135,51,3
113,47,3
131,51,3
79,2,0
113,53,3
124,43,3
144,57,3
76,74,2
133,52,3
125,49,3
119,46,3
102,48,3
117,46,3
66,66,2
136,54,3
132,55,3
110,49,3
112,52,3
64,82,2
75,69,2
107,107,1
124,51,3
123,51,3
74,90,2
60,90,2
57,1,0
138,49,3
113,54,3
135,55,3
127,46,3
126,44,3
59,70,2
65,77,2
139,51,3
127,56,3
70,68,2
105,50,3
128,46,3
102,100,1
179,32,5
118,35,3
128,42,3
139,55,3
82,82,2
121,54,3
103,45,3
120,46,3
120,51,3
73,69,2
133,42,3
154,44,3
122,51,3
81,124,2
149,55,3
42,16,0
82,7,0
110,110,1
121,50,3
122,48,3
118,44,3
64,21,0
134,43,3
66,75,2
145,49,3
89,49,3
109,56,3
126,42,3
63,32,0
123,42,3
76,82,2
107,45,3
66,106,2
153,49,3
134,53,3
121,53,3
68,74,2
114,52,3
143,61,3
127,54,3
100,109,1
130,47,3
124,54,3
177,50,5
124,49,3
102,94,1
108,47,3
126,52,3
138,62,3
162,43,5
118,46,3
136,51,3
74,87,2
122,53,3
126,55,3
122,40,3
117,49,3
124,45,3
69,73,2
110,106,1
84,100,2
143,50,3
116,44,3
116,47,3
107,121,1
141,53,3
120,56,3
113,42,3
142,49,3
116,56,3
108,100,1
128,43,3
62,60,2
122,54,3
61,69,2
102,80,1
60,74,2
113,49,3
123,86,0
69,59,2
110,47,3
127,45,3
79,90,2
111,51,3
113,51,3
140,51,3
80,87,2
115,52,3
130,55,3
125,45,3
72,92,2
128,45,3
141,51,3
75,46,0
61,75,2
127,53,3
73,78,2
131,51,3
142,49,3
128,60,3
114,47,3
108,49,3
122,50,3
132,49,3
109,103,1
124,45,3
62,72,2
87,87,2
73,78,2
115,47,3
77,96,2
114,49,3
117,50,3
66,82,2
71,86,2
113,56,3
78,99,2
127,53,3
170,44,5
131,56,3
134,54,3
88,103,2
128,61,3
120,55,3
123,49,3
84,60,2
136,56,3
123,48,3
107,46,3
120,52,3
128,55,3
118,48,3
125,51,3
131,58,3
129,48,3
107,126,1
75,93,2
122,49,3
75,67,2
107,44,3
147,50,3
132,44,3
140,53,3
123,41,3
58,53,2
109,49,3
174,41,5
121,54,3
94,45,3
119,59,3
117,56,3
118,104,1
83,106,2
53,44,2
71,66,2
136,59,3
65,62,2
103,50,3
71,73,2
136,58,3
126,43,3
111,49,3
115,51,3
107,106,1
115,39,3
68,68,2
118,50,3
139,40,3
117,121,1
137,51,3
107,50,3
121,51,3
55,22,0
130,47,3
105,103,1
123,50,3
116,49,3
120,47,3
125,57,3
160,52,3
152,47,3
79,84,2
106,50,3
72,88,2
83,103,2
157,47,3
136,45,3
116,96,1
109,49,3
116,51,3
146,50,3
91,49,3
149,57,3
132,53,3
114,47,3
97,118,1
125,54,3
103,40,3
78,98,2
115,46,3
44,0,0
137,54,3
98,97,1
107,104,1
130,42,3
125,60,3
111,62,3
136,42,3
125,55,3
65,69,2
119,55,3
116,47,3
109,93,1
113,60,3
129,53,3
112,50,3
120,53,3
68,71,2
75,82,2
130,35,3
93,70,2
135,47,3
66,77,2
112,40,3
69,89,2
131,42,3
126,51,3
117,115,1
180,56,5
120,49,3
132,51,3
62,50,2
120,53,3
109,37,3
95,38,3
125,48,3
103,51,3
105,103,1
137,54,3
59,65,2
64,71,2
63,76,2
128,42,3
134,52,3
124,59,3
114,50,3
123,49,3
66,64,2
122,54,3
133,54,3
112,50,3
133,49,3
114,51,3
128,44,3
111,105,1
119,38,3
141,63,3
136,43,3
62,62,2
81,70,2
127,53,3
78,72,2
126,50,3
110,40,3
126,41,3
68,73,2
126,50,3
122,51,3
137,46,3
66,91,2
90,38,3
115,53,3
66,83,2
129,52,3
106,48,3
123,58,3
99,110,1
117,100,1
73,39,0
128,44,3
116,52,3
61,66,2
134,57,3
109,46,3
67,74,2
110,123,1
115,114,1
137,46,3
133,54,3
113,50,3
119,43,3
130,48,3
194,55,5
122,51,3
76,78,2
84,85,2
111,37,3
65,85,2
131,57,3
116,47,3
70,88,2
120,52,3
134,53,3
184,43,5
128,49,3
108,46,3
116,49,3
53,73,2
85,103,2
74,78,2
127,58,3
123,50,3
79,94,2
56,20,0
80,39,0
78,100,2
111,44,3
71,85,2
117,46,3
104,49,3
60,69,2
167,45,5
127,57,3
78,123,2
116,44,3
69,70,2
123,41,3
107,48,3
131,55,3
67,85,2
185,40,5
81,44,0
115,49,3
121,50,3
66,72,2
132,53,3
123,46,3
125,44,3
64,79,2
139,58,3
145,41,3
41,14,0
130,46,3
97,0,0
131,59,3
60,12,0
112,56,3
123,52,3
121,60,3
108,95,1
85,97,2
124,45,3
73,2,0
118,49,3
132,42,3
138,55,3
105,47,3
131,45,3
121,53,3
83,96,2
110,106,1
130,45,3
142,49,3
134,45,3
119,54,3
109,44,3
128,62,3
122,106,1
120,51,3
123,55,3
54,71,2
123,43,3
116,51,3
132,49,3
126,47,3
136,53,3
71,80,2
120,45,3
121,43,3
67,74,2
77,102,2
121,108,1
110,48,3
129,50,3
125,50,3
108,51,3
133,52,3
128,60,3
130,61,3
129,47,3
119,52,3
166,37,5
82,1,0
135,62,3
183,42,5
116,44,3
119,49,3
113,50,3
80,81,2
117,54,3
79,91,2
135,53,3
120,39,3
106,49,3
115,94,1
130,53,3
135,43,3
120,53,3
140,63,3
125,50,3
118,51,3
157,51,3
106,50,3
106,114,1
125,51,3
121,46,3
68,73,2
75,99,2
56,58,2
67,73,2
65,78,2
61,74,2
120,48,3
117,51,3
122,48,3
111,52,3
57,64,2
121,50,3
57,68,2
74,65,2
110,50,3
1,1,0
73,72,2
138,57,3
118,47,3
120,52,3
122,50,3
54,54,2
102,93,1
135,48,3
88,91,2
152,39,5
128,44,3
123,39,3
105,50,3
115,44,3
116,52,3
129,44,3
72,78,2
114,45,3
138,53,3
127,44,3
120,53,3
121,62,3
118,47,3
114,43,3
86,112,2
58,31,0
126,47,3
114,49,3
60,59,2
105,44,3
128,54,3
127,50,3
131,50,3
126,48,3
129,55,3
88,121,2
118,57,3
97,42,3
44,14,0
79,100,2
105,93,1
133,48,3
129,54,3
63,69,2
70,74,2
62,70,2
104,116,1
141,51,3
60,86,2
122,57,3
87,110,2
81,36,0
115,47,3
137,53,3
130,59,3
61,74,2
63,69,2
114,118,1
125,47,3
115,103,1
118,42,3
118,46,3
115,47,3
69,66,2
113,51,3
143,53,3
127,55,3
147,60,3
86,75,2
71,78,2
108,47,3
71,57,2
118,48,3
125,59,3
179,47,5
118,51,3
90,40,3
112,53,3
139,52,3
122,52,3
53,87,2
121,51,3
122,41,3
81,79,2
128,51,3
132,55,3
71,94,2
77,105,2
71,65,2
114,52,3
72,58,2
69,70,2
79,93,2
65,75,2
68,87,2
112,43,3
124,55,3
128,45,3
112,51,3
73,89,2
134,46,3
140,52,3
82,78,2
145,44,3
132,62,3
127,51,3
102,99,1
52,17,0
129,60,3
109,55,3
63,66,2
123,54,3
123,51,3
69,81,2
116,45,3
123,55,3
126,55,3
104,54,3
125,46,3
127,46,3
124,55,3
55,60,2
73,77,2
56,65,2
116,52,3
115,55,3
65,76,2
132,51,3
134,55,3
117,55,3
169,44,5
127,55,3
67,83,2
108,42,3
121,45,3
74,79,2
73,77,2
72,65,2
76,89,2
130,54,3
112,55,3
73,68,2
114,49,3
169,36,5
134,55,3
62,64,2
83,104,2
131,44,3
106,37,3
132,48,3
66,70,2
120,52,3
60,61,2
134,44,3
53,62,2
120,45,3
72,39,0
142,49,3
131,49,3
118,50,3
112,122,1
112,109,1
114,56,3
58,79,2
112,43,3
101,47,3
130,50,3
114,116,1
73,70,2
136,54,3
135,45,3
103,47,3
123,54,3
53,76,2
127,53,3
92,43,3
115,37,3
139,48,3
131,53,3
119,45,3
131,53,3
114,44,3
122,60,3
70,34,0
67,70,2
95,50,3
135,55,3
65,68,2
122,53,3
115,41,3
76,90,2
142,46,3
112,47,3
66,69,2
119,53,3
60,78,2
124,49,3
120,55,3
114,115,1
107,47,3
68,82,2
104,109,1
132,46,3
66,73,2
100,55,3
60,84,2
110,42,3
113,50,3
138,52,3
72,76,2
140,52,3
145,50,3
66,73,2
132,50,3
100,111,1
36,13,0
123,48,3
112,105,1
126,50,3
121,52,3
43,24,0
124,50,3
80,116,2
104,52,3
115,46,3
119,55,3
122,42,3
126,58,3
113,43,3
117,51,3
153,44,3
124,42,3
125,54,3
161,45,5
137,58,3
123,55,3
74,73,2
117,53,3
107,40,3
104,96,1
67,93,2
134,51,3
145,49,3
70,98,2
56,32,0
103,50,3
70,68,2
85,91,2
126,55,3
120,52,3
119,48,3
108,46,3
84,66,2
116,56,3
128,52,3
118,50,3
129,51,3
129,50,3
56,66,2
62,67,2
76,74,2
125,52,3
122,47,3
72,81,2
131,59,3
52,69,2
113,93,1
169,52,5
105,46,3
117,52,3
103,43,3
108,101,1
129,44,3
140,51,3
119,44,3
107,96,1
126,57,3
122,39,3
80,41,0
123,48,3
124,53,3
106,121,1
117,49,3
135,45,3
73,79,2
170,45,5
144,51,3
129,49,3
121,50,3
131,47,3
120,54,3
122,48,3
117,50,3
130,45,3
72,69,2
69,70,2
61,72,2
126,50,3
108,54,3
32,16,0
65,63,2
106,49,3
55,74,2
119,46,3
141,48,3
116,42,3
126,52,3
104,111,1
122,41,3
98,44,3
118,54,3
119,60,3
125,59,3
126,49,3
162,40,5
144,47,3
21,2,0
128,44,3
122,51,3
139,54,3
102,149,6
118,51,3
158,38,5
142,56,3
76,101,2
151,57,3
120,53,3
63,72,2
36,13,0
103,41,3
110,48,3
125,49,3
110,95,1
128,53,3
72,93,2
111,48,3
95,55,3
133,50,3
61,67,2
101,46,3
130,50,3
166,46,5
76,44,0
83,91,2
78,86,2
74,68,2
65,66,2
108,36,3
116,44,3
72,78,2
122,48,3
121,55,3
75,42,0
126,53,3
98,49,3
127,57,3
72,80,2
183,43,5
79,96,2
124,45,3
127,56,3
127,56,3
60,87,2
103,46,3
169,41,5
132,61,3
139,46,3
112,108,1
131,52,3
52,64,2
123,51,3
118,53,3
139,54,3
109,43,3
125,50,3
115,53,3
160,47,5
115,45,3
152,48,3
161,41,5
115,112,1
139,52,3
72,82,2
118,50,3
69,75,2
105,75,1
73,67,2
122,46,3
107,49,3
127,54,3
147,50,3
109,92,1
126,51,3
166,43,5
114,49,3
70,78,2
113,51,3
133,45,3
62,70,2
143,56,3
112,54,3
134,50,3
127,40,3
99,48,3
68,74,2
126,50,3
114,51,3
77,78,2
81,39,0
108,34,3
75,87,2
77,85,2
126,57,3
110,106,1
114,48,3
75,110,2
50,14,0
144,50,3
122,44,3
59,58,2
142,46,3
82,33,0
106,114,1
115,52,3
78,90,2
100,110,1
102,51,3
135,49,3
135,51,3
66,67,2
60,0,0
127,55,3
124,50,3
101,48,3
111,45,3
110,133,1
61,85,2
102,101,1
115,41,3
123,51,3
131,53,3
157,42,5
132,50,3
44,16,0
112,54,3
100,100,1
133,63,3
120,53,3
60,90,2
103,42,3
133,44,3
115,40,3
119,52,3
77,46,0
114,50,3
129,48,3
107,51,3
164,47,5
136,48,3
82,49,0
72,65,2
168,44,5
131,48,3
127,55,3
103,48,3
128,59,3
52,34,0
142,58,3
71,92,2
113,52,3
119,49,3
108,61,3
57,67,2
118,56,3
114,107,1
65,79,2
132,40,3
110,53,3
113,59,3
144,49,3
121,51,3
122,57,3
121,55,3
123,55,3
107,46,3
126,55,3
131,51,3
71,64,2
60,66,2
175,45,5
124,47,3
97,38,3
110,92,1
63,68,2
115,49,3
42,23,0
132,53,3
143,43,3
71,85,2
108,46,3
158,48,5
120,55,3
59,34,0
109,45,3
124,47,3
98,77,1
118,48,3
136,37,3
65,61,2
54,62,2
115,39,3
134,46,3
187,46,5
118,117,1
138,53,3
111,58,3
65,71,2
120,50,3
75,76,2
113,51,3
74,74,2
109,49,3
113,44,3
120,96,1
133,53,3
128,48,3
49,64,2
116,50,3
120,42,3
71,89,2
81,89,2
106,44,3
118,46,3
115,57,3
115,53,3
128,51,3
167,39,5
134,48,3
123,63,3
64,1,0
55,13,0
112,49,3
126,51,3
115,113,1
121,45,3
118,130,1
127,51,3
72,89,2
117,48,3
132,48,3
119,41,3
130,56,3
84,92,2
113,94,1
103,43,3
126,50,3
94,88,1
124,50,3
108,50,3
114,41,3
77,81,2
106,125,1
120,53,3
84,104,2
171,21,0
100,65,3
114,53,3
124,54,3
120,48,3
128,53,3
131,44,3
120,58,3
127,54,3
102,42,3
58,28,0
124,84,0
123,50,3
93,123,2
74,76,2
129,56,3
130,50,3
98,45,3
72,84,2
124,52,3
64,86,2
155,46,3
62,67,2
64,66,2
156,47,3
125,59,3
85,95,2
128,51,3
133,49,3
65,63,2
172,47,5
125,46,3
101,105,1
60,69,2
131,55,3
122,49,3
111,122,1
117,51,3
71,72,2
141,31,3
127,54,3
106,98,1
71,58,2
135,40,3
103,36,3
64,69,2
118,47,3
124,51,3
96,45,3
125,54,3
126,56,3
129,49,3
92,107,2
137,39,3
66,66,2
121,52,3
136,45,3
123,51,3
118,41,3
65,60,2
135,47,3
129,48,3
132,55,3
130,44,3
126,56,3
97,103,1
150,122,0
72,90,2
61,73,2
99,50,3
128,55,3
130,46,3
124,50,3
106,49,3
85,110,2
111,110,1
120,43,3
179,45,5
121,45,3
125,56,3
113,36,3
66,60,2
104,108,1
134,50,3
133,50,3
66,84,2
100,117,1
110,43,3
132,53,3
107,47,3
101,41,3
72,89,2
112,52,3
182,38,5
71,68,2
132,56,3
99,112,1
127,55,3
118,59,3
72,72,2
132,49,3
86,97,2
168,43,5
115,67,3
108,118,1
124,49,3
126,37,3
126,53,3
132,47,3
60,59,2
73,78,2
118,49,3
123,44,3
130,58,3
123,59,3
74,97,2
70,78,2
126,53,3
143,47,3
84,112,2
57,71,2
180,53,5
127,44,3
115,56,3
110,54,3
122,46,3
55,13,0
113,46,3
165,46,5
60,59,2
122,52,3
68,85,2
75,41,0
122,51,3
82,78,2
122,55,3
135,88,0
111,123,1
70,83,2
112,105,1
133,45,3
110,51,3
101,95,1
138,47,3
111,36,3
50,55,2
101,98,1
71,86,2
68,89,2
111,47,3
115,44,3
111,84,1
126,51,3
118,47,3
110,46,3
104,56,3
78,69,2
127,55,3
70,76,2
117,49,3
131,49,3
122,39,3
128,46,3
116,54,3
84,66,2
116,55,3
130,47,3
124,51,3
65,86,2
134,49,3
118,49,3
107,110,1
107,50,3
120,48,3
124,51,3
111,48,3
125,51,3
111,105,1
121,53,3
67,65,2
121,44,3
119,57,3
96,105,1
132,52,3
68,85,2
124,51,3
108,52,3
72,62,2
116,43,3
124,52,3
122,49,3
60,60,2
114,95,1
134,57,3
68,76,2
116,42,3
119,53,3
82,78,2
136,45,3
128,53,3
106,48,3
127,51,3
130,56,3
106,53,3
124,47,3
122,39,3
60,70,2
130,50,3
134,53,3
108,43,3
128,56,3
56,76,2
102,54,3
59,82,2
135,50,3
67,67,2
130,8,0
126,52,3
134,39,3
113,48,3
147,55,3
153,54,3
127,43,3
116,122,1
71,48,0
78,82,2
114,98,1
127,52,3
117,45,3
116,48,3
114,77,3
100,48,3
65,94,2
109,46,3
132,48,3
129,43,3
66,58,2
147,58,3
109,49,3
113,44,3
106,39,3
113,46,3
64,76,2
72,69,2
109,50,3
120,57,3
113,51,3
133,54,3
109,41,3
52,12,0
119,39,3
117,104,1
117,50,3
69,67,2
121,56,3
104,110,1
82,88,2
79,41,0
119,50,3
173,51,5
135,53,3
107,104,1
129,59,3
121,47,3
156,39,5
76,88,2
152,50,3
122,52,3
71,82,2
72,38,0
113,54,3
129,44,3
137,52,3
134,52,3
112,51,3
122,48,3
137,52,3
105,103,1
128,47,3
109,50,3
139,46,3
75,81,2
130,57,3
113,51,3
136,52,3
114,106,1
127,60,3
112,51,3
108,85,1
135,55,3
131,54,3
138,57,3
120,57,3
165,46,5
81,74,2
139,48,3
126,59,3
114,48,3
114,47,3
69,70,2
67,59,2
59,58,2
76,105,2
80,94,2
74,91,2
139,51,3
123,53,3
128,53,3
149,47,3
86,89,2
132,49,3
130,48,3
110,51,3
126,50,3
118,52,3
143,49,3
97,99,1
117,50,3
69,71,2
44,4,0
117,49,3
126,52,3
120,55,3
105,48,3
113,54,3
123,43,3
103,119,1
122,50,3
134,51,3
123,46,3
118,41,3
121,41,3
122,51,3
117,54,3
117,104,1
111,49,3
128,57,3
128,42,3
108,93,1
122,51,3
108,54,3
132,56,3
119,56,3
78,83,2
198,41,5
82,45,0
139,54,3
134,46,3
109,129,1
197,11,0
127,44,3
123,57,3
71,62,2
133,45,3
133,46,3
117,52,3
133,46,3
109,44,3
126,59,3
126,42,3
74,90,2
103,109,1
149,52,3
117,50,3
107,50,3
73,71,2
73,77,2
83,111,2
114,55,3
120,45,3
122,52,3
73,71,2
116,45,3
136,53,3
128,59,3
72,92,2
38,18,0
109,52,3
118,57,3
131,51,3
86,98,2
73,81,2
132,42,3
129,45,3
79,83,2
128,36,3
134,47,3
122,47,3
138,41,3
141,55,3
64,94,2
136,49,3
144,44,3
125,50,3
123,52,3
111,54,3
123,46,3
131,52,3
134,47,3
61,77,2
125,40,3
108,40,3
114,42,3
75,92,2
137,45,3
126,50,3
121,48,3
111,103,1
65,68,2
120,51,3
134,54,3
131,47,3
122,51,3
38,16,0
121,56,3
74,77,2
118,46,3
99,47,3
110,46,3
69,69,2
108,102,1
129,45,3
98,91,1
126,53,3
114,43,3
131,48,3
117,40,3
68,88,2
127,48,3
120,47,3
111,52,3
131,55,3
122,55,3
126,48,3
104,51,3
116,52,3
124,51,3
116,39,3
115,51,3
74,63,2
52,77,2
62,22,0
124,46,3
137,54,3
96,43,3
65,83,2
126,57,3
132,57,3
109,40,3
136,44,3
109,47,3
114,206,9
146,56,3
66,74,2
137,52,3
127,53,3
122,45,3
86,104,2
111,44,3
109,114,1
119,120,1
147,47,3
129,233,14
129,56,3
125,41,3
103,112,1
129,50,3
116,55,3
152,68,3
115,43,3
126,63,3
118,45,3
119,43,3
151,38,5
72,73,2
111,51,3
104,113,1
81,86,2
69,58,2
122,45,3
131,47,3
113,51,3
149,49,3
120,116,1
113,50,3
132,45,3
124,58,3
68,71,2
61,80,2
203,16,0
122,48,3
135,61,3
120,44,3
125,52,3
108,44,3
73,99,2
113,50,3
160,29,5
114,48,3
115,50,3
120,56,3
113,41,3
148,44,3
69,71,2
125,53,3
118,49,3
55,65,2
57,36,0
126,54,3
136,55,3
111,47,3
112,53,3
132,50,3
104,98,1
119,50,3
126,54,3
68,34,0
66,84,2
112,98,1
140,42,3
62,15,0
117,50,3
71,89,2
104,82,1
62,43,0
79,95,2
63,78,2
124,62,3
67,70,2
127,54,3
115,116,1
116,42,3
133,53,3
75,73,2
122,53,3
119,46,3
58,71,2
113,96,1
121,47,3
125,50,3
118,57,3
132,60,3
122,48,3
129,44,3
100,49,3
128,53,3
148,51,3
105,46,3
114,45,3
74,93,2
139,57,3
143,59,3
132,53,3
78,88,2
124,47,3
110,47,3
72,42,0
122,47,3
78,88,2
112,45,3
116,91,1
117,43,3
67,86,2
95,76,1
181,31,5
102,45,3
114,69,3
180,44,5
115,49,3
105,99,1
107,47,3
110,46,3
115,121,1
138,42,3
108,52,3
125,48,3
125,53,3
129,56,3
145,60,3
102,44,3
63,69,2
130,42,3
123,49,3
117,43,3
120,54,3
119,47,3
65,77,2
68,76,2
79,69,2
112,105,1
124,51,3
72,82,2
141,48,3
141,57,3
125,57,3
71,84,2
179,48,5
